"","term","df","sumsq","meansq","statistic","p.value"
"1","Sex",1,4615.94195600967,4615.94195600967,31.7290897337724,2.24194912815113e-08
"2","Residuals",1117,162500.948124419,145.479810317296,NA,NA
