"","term","estimate","std.error","statistic","p.value"
"1","(Intercept)",58.7070890141992,2.11957284768157,27.6976038254189,3.4305647350992e-83
"2","Weight",0.000833561516897222,0.0263432164832679,0.0316423591411727,0.974779179733094
